UPC,Qty
9351383076214,11
9351383076207,9
9351383101664,9
9351383101589,4
9351383101626,9
9351383102302,12
9351383102265,18
9351383102333,4
9351383074296,8
9351383074319,3
9351383074302,8
9351383073947,8
9351383073930,12
9351383076146,10
9351383076177,5
9351383076153,12
9351383102227,10
9351383076054,3
9351383076061,9
9351383076160,8
9351383076092,5
9351383074456,4
9351383101145,6
9351383101220,4
9351383101268,2
9351383101183,13
9351383101138,6
9351383101251,2
9351383100971,15
9351383102180,3
9351383101015,4
9351383074968,5
9351383074975,10
9351383074982,1
9351383074890,11
9351383074883,5
9351383101701,2
9351383101572,4
9351383101695,2
9351383101657,9
9351383101619,9
9351383075477,5
9351383075491,4
9351383075507,1
9351383075484,12
9351383075620,7
9351383075637,2
9351383073299,7
9351383073305,4
9351383072964,3
9351383075033,11
9351383075644,4
9351383075026,6
9351383076191,3
9351383073954,3
9351383072940,9
9351383072933,9
9351383102142,6
9351383101985,2
9351383102067,11
9351383102029,12
9351383101466,4
9351383101381,7
9351383101343,3
9351383101428,4
9351383101497,1
9351383074906,5
9351383074531,11
9351383074524,5
9351383102296,9
9351383101930,3
9351383102258,12
9351383075613,3
9351383101176,13
9351383101213,4
9351383100933,10
9351383101022,4
9351383100940,8
9351383100988,6
9351383076078,11
9351383102210,10
9351383102104,12
9351383073282,7
9351383102098,12
9351383073312,3
9351383102050,13
9351383076085,8
9351383075699,4
9351383074432,7
9351383075040,1
9351383074548,1
9351383074425,2
9351383074449,7
9351383072544,9
9351383101459,4
9351383072551,3
9351383075736,6
9351383075705,8
9351383075729,9
9351383102340,4
9351383075712,12
9351383101862,15
9351383101947,3
9351383101824,3
9351383076238,5
9351383101503,1
9351383101909,3
9351383101855,15
9351383101817,3
9351383101893,3
9351383074364,3
9351383074371,6
9351383074395,4
9351383074388,6
9351383076139,3
9351383076221,8
9351383072797,9
9351383072803,3
9351383072568,2
9351383072537,2
9351383101336,3
9351383101411,4
9351383101374,7
9351383072896,9
9351383072919,2
9351383072889,2
9351383072902,3
9351383072810,2
9351383072780,2
9351383102012,11
9351383102135,5
9351383101978,2
9351383072957,4
